timestamp_utc,symbol,direction,entry_price,stop_loss,take_profit,rsi
2026-09-02T22:09:06.923768+00:00,EURUSD,SELL,1.15902,1.15932,1.15852,45.5
2026-09-02T22:57:35.199799+00:00,XAUUSD,SELL,4429.3999,4430.3999,4427.8999,34.4
2026-09-02T23:10:30.463698+00:00,USDJPY,SELL,158.83299,158.86299,158.78299,44.7
2026-09-03T00:26:11.126472+00:00,USDJPY,SELL,158.856,158.886,158.806,53.6
2026-09-03T02:03:31.399652+00:00,EURUSD,SELL,1.15902,1.15932,1.15852,41.7
2026-09-03T05:33:57.176614+00:00,XAUUSD,SELL,4469.2002,4469.8002,4468.9502,0,0
2026-09-03T05:33:57.176614+00:00,EURUSD,BUY,1.16009,1.15969,1.16024,0,0
2026-09-03T05:33:57.176614+00:00,GBPUSD,BUY,1.34953,1.34913,1.34968,0,0
2026-09-03T05:33:57.176614+00:00,USDJPY,BUY,157.664,157.624,157.679,0,0
